<?xml version="1.0" encoding="utf-8"?>
<!--/1620760/1771790/2.50/6/4/Connector/-->
<quadcept_library>
  <setting unit="mil" />
  <textstyle name="Default" height="47.244094488189" strokewidth="7.8740157480315" charwidth="47.244094488189" />
  <textstyle name="Dimension" height="19.6850393700787" strokewidth="0" charwidth="19.6850393700787" />
  <textstyle name="H127W0635TH00762" height="50" strokewidth="3" charwidth="25" />
  <textstyle name="H15W15TH02" height="59.0551181102362" strokewidth="7.8740157480315" charwidth="59.0551181102362" />
  <padstyle name="c225_h150" surface="False" plated="True" isvia="False" nopaste="True" nomask="True" complex="False" holesize="59.055118110235">
    <padshape layer="TOP" shape="round" width="88.582677165353" height="88.582677165353" />
    <padshape layer="TOP_SOLDER_MASK" shape="round" width="96.456692913385" height="96.456692913385" />
    <padshape layer="INNER" shape="round" width="88.582677165353" height="88.582677165353" />
    <padshape layer="BOTTOM" shape="round" width="88.582677165353" height="88.582677165353" />
    <padshape layer="BOTTOM_SOLDER_MASK" shape="round" width="96.456692913385" height="96.456692913385" />
  </padstyle>
  <footprint name="NYS215" originx="0" originy="0" pickpointx="0" pickpointy="0">
    <pcbpin number="1" name="1" style="c225_h150" originx="0" originy="0" rotation="90" />
    <pcbpin number="2" name="2" style="c225_h150" originx="0" originy="649.60629921259" rotation="90" />
    <pcbpin number="3" name="3" style="c225_h150" originx="250" originy="0" rotation="90" />
    <pcbpin number="4" name="4" style="c225_h150" originx="250" originy="649.60629921259" rotation="90" />
    <pcbpin number="5" name="5" style="c225_h150" originx="499.99999999999" originy="0" rotation="90" />
    <pcbpin number="6" name="6" style="c225_h150" originx="499.99999999999" originy="649.60629921259" rotation="90" />
    <line layer="TOP_ASSEMBLY" originx="-157.48031496063" originy="718.50393700787" endx="1141.7322834646" endy="718.50393700787" width="7.8740157480314" />
    <line layer="TOP_ASSEMBLY" originx="1141.7322834646" originy="718.50393700787" endx="1141.7322834646" endy="-68.897637795275" width="7.8740157480314" />
    <line layer="TOP_ASSEMBLY" originx="1141.7322834646" originy="-68.897637795275" endx="-157.48031496063" endy="-68.897637795275" width="7.8740157480314" />
    <line layer="TOP_ASSEMBLY" originx="-157.48031496063" originy="-68.897637795275" endx="-157.48031496063" endy="718.50393700787" width="7.8740157480314" />
    <line layer="TOP_SILKSCREEN" originx="-157.48031496063" originy="718.50393700787" endx="1141.7322834646" endy="718.50393700787" width="3.9370078740157" />
    <line layer="TOP_SILKSCREEN" originx="1141.7322834646" originy="718.50393700787" endx="1141.7322834646" endy="-68.897637795275" width="3.9370078740157" />
    <line layer="TOP_SILKSCREEN" originx="1141.7322834646" originy="-68.897637795275" endx="-157.48031496063" endy="-68.897637795275" width="3.9370078740157" />
    <line layer="TOP_SILKSCREEN" originx="-157.48031496063" originy="-68.897637795275" endx="-157.48031496063" endy="718.50393700787" width="3.9370078740157" />
    <line layer="TOP_PLACE_BOUND" originx="-196.85039370078" originy="757.87401574802" endx="1181.1023622047" endy="757.87401574802" width="3.9370078740157" />
    <line layer="TOP_PLACE_BOUND" originx="1181.1023622047" originy="757.87401574802" endx="1181.1023622047" endy="-108.26771653543" width="3.9370078740157" />
    <line layer="TOP_PLACE_BOUND" originx="1181.1023622047" originy="-108.26771653543" endx="-196.85039370078" endy="-108.26771653543" width="3.9370078740157" />
    <line layer="TOP_PLACE_BOUND" originx="-196.85039370078" originy="-108.26771653543" endx="-196.85039370078" endy="757.87401574802" width="3.9370078740157" />
  </footprint>
  <symbol name="NYS215" originx="0" originy="0">
    <line originx="200" originy="100" endx="600" endy="100" width="0" />
    <line originx="600" originy="-300" endx="600" endy="100" width="0" />
    <line originx="600" originy="-300" endx="200" endy="-300" width="0" />
    <line originx="200" originy="100" endx="200" endy="-300" width="0" />
    <sympin number="1" originx="200" originy="0" rotation="180" length="100" width="7.8740157480315" flipped="False">
      <text name="pinname" originx="230" originy="0" style="Default" rotation="0" justify="left" flipped="False" hidden="False" data="1" />
      <text name="pindes" originx="140" originy="20" style="Default" rotation="0" justify="lowerright" flipped="False" hidden="False" data="1" />
    </sympin>
    <sympin number="2" originx="600" originy="0" rotation="0" length="100" width="7.8740157480315" flipped="False">
      <text name="pinname" originx="570" originy="0" style="Default" rotation="0" justify="right" flipped="False" hidden="False" data="2" />
      <text name="pindes" originx="660" originy="20" style="Default" rotation="0" justify="lowerleft" flipped="False" hidden="False" data="2" />
    </sympin>
    <sympin number="3" originx="200" originy="-100" rotation="180" length="100" width="7.8740157480315" flipped="False">
      <text name="pinname" originx="230" originy="-100" style="Default" rotation="0" justify="left" flipped="False" hidden="False" data="3" />
      <text name="pindes" originx="140" originy="-80" style="Default" rotation="0" justify="lowerright" flipped="False" hidden="False" data="3" />
    </sympin>
    <sympin number="4" originx="600" originy="-100" rotation="0" length="100" width="7.8740157480315" flipped="False">
      <text name="pinname" originx="570" originy="-100" style="Default" rotation="0" justify="right" flipped="False" hidden="False" data="4" />
      <text name="pindes" originx="660" originy="-80" style="Default" rotation="0" justify="lowerleft" flipped="False" hidden="False" data="4" />
    </sympin>
    <sympin number="5" originx="200" originy="-200" rotation="180" length="100" width="7.8740157480315" flipped="False">
      <text name="pinname" originx="230" originy="-200" style="Default" rotation="0" justify="left" flipped="False" hidden="False" data="5" />
      <text name="pindes" originx="140" originy="-180" style="Default" rotation="0" justify="lowerright" flipped="False" hidden="False" data="5" />
    </sympin>
    <sympin number="6" originx="600" originy="-200" rotation="0" length="100" width="7.8740157480315" flipped="False">
      <text name="pinname" originx="570" originy="-200" style="Default" rotation="0" justify="right" flipped="False" hidden="False" data="6" />
      <text name="pindes" originx="660" originy="-180" style="Default" rotation="0" justify="lowerleft" flipped="False" hidden="False" data="6" />
    </sympin>
  </symbol>
  <component name="NYS215" designatorprefix="J" height="624.01574803149" footprint="NYS215">
    <comppin designator="1" sympin="1" pinswap="0" gateswap="0" gate="1" group="1" side="" type="Any" name="1" />
    <comppin designator="2" sympin="2" pinswap="0" gateswap="0" gate="1" group="1" side="" type="Any" name="2" />
    <comppin designator="3" sympin="3" pinswap="0" gateswap="0" gate="1" group="1" side="" type="Any" name="3" />
    <comppin designator="4" sympin="4" pinswap="0" gateswap="0" gate="1" group="1" side="" type="Any" name="4" />
    <comppin designator="5" sympin="5" pinswap="0" gateswap="0" gate="1" group="1" side="" type="Any" name="5" />
    <comppin designator="6" sympin="6" pinswap="0" gateswap="0" gate="1" group="1" side="" type="Any" name="6" />
    <attached_symbol gate="1" name="NYS215" />
    <pinmap designator="1" footprintpin="1" />
    <pinmap designator="2" footprintpin="2" />
    <pinmap designator="3" footprintpin="3" />
    <pinmap designator="4" footprintpin="4" />
    <pinmap designator="5" footprintpin="5" />
    <pinmap designator="6" footprintpin="6" />
    <text name="Datasheet" originx="0" originy="0" style="Default" rotation="0" justify="" flipped="False" hidden="True" data="" />
    <text name="Description" originx="0" originy="0" style="Default" rotation="0" justify="" flipped="False" hidden="True" data="Phone Connectors 1/4&quot; STEREO SWITCHED REAN" />
    <text name="Mouser Part Number" originx="0" originy="0" style="Default" rotation="0" justify="" flipped="False" hidden="True" data="568-NYS215" />
    <text name="Mouser Price/Stock" originx="0" originy="0" style="Default" rotation="0" justify="" flipped="False" hidden="True" data="https://www.mouser.co.uk/ProductDetail/REAN/NYS215?qs=JfNPhaIww3IP3mAnpHYtWw%3D%3D" />
    <text name="Manufacturer_Name" originx="0" originy="0" style="Default" rotation="0" justify="" flipped="False" hidden="True" data="Neutrik" />
    <text name="Manufacturer_Part_Number" originx="650" originy="200" style="Default" rotation="0" justify="left" flipped="False" hidden="False" data="NYS215" />
  </component>
</quadcept_library>
