<?xml version="1.0" encoding="utf-8"?>
<!--/1270723/1771790/2.50/6/3/Switch/-->
<quadcept_library>
  <setting unit="mil" />
  <textstyle name="Default" height="47.244094488189" strokewidth="7.8740157480315" charwidth="47.244094488189" />
  <textstyle name="Dimension" height="19.6850393700787" strokewidth="0" charwidth="19.6850393700787" />
  <textstyle name="H127W0635TH00762" height="50" strokewidth="3" charwidth="25" />
  <textstyle name="H15W15TH02" height="59.0551181102362" strokewidth="7.8740157480315" charwidth="59.0551181102362" />
  <padstyle name="c222_h148" surface="False" plated="True" isvia="False" nopaste="True" nomask="True" complex="False" holesize="58.267716535432">
    <padshape layer="TOP" shape="round" width="87.401574803149" height="87.401574803149" />
    <padshape layer="TOP_SOLDER_MASK" shape="round" width="95.27559055118" height="95.27559055118" />
    <padshape layer="INNER" shape="round" width="87.401574803149" height="87.401574803149" />
    <padshape layer="BOTTOM" shape="round" width="87.401574803149" height="87.401574803149" />
    <padshape layer="BOTTOM_SOLDER_MASK" shape="round" width="95.27559055118" height="95.27559055118" />
  </padstyle>
  <padstyle name="s222_h148" surface="False" plated="True" isvia="False" nopaste="True" nomask="True" complex="False" holesize="58.267716535432">
    <padshape layer="TOP" shape="square" width="87.401574803149" height="87.401574803149" />
    <padshape layer="TOP_SOLDER_MASK" shape="square" width="95.27559055118" height="95.27559055118" />
    <padshape layer="INNER" shape="square" width="87.401574803149" height="87.401574803149" />
    <padshape layer="BOTTOM" shape="square" width="87.401574803149" height="87.401574803149" />
    <padshape layer="BOTTOM_SOLDER_MASK" shape="square" width="95.27559055118" height="95.27559055118" />
  </padstyle>
  <padstyle name="c198_h132" surface="False" plated="True" isvia="False" nopaste="True" nomask="True" complex="False" holesize="51.968503937007">
    <padshape layer="TOP" shape="round" width="77.952755905511" height="77.952755905511" />
    <padshape layer="TOP_SOLDER_MASK" shape="round" width="85.826771653542" height="85.826771653542" />
    <padshape layer="INNER" shape="round" width="77.952755905511" height="77.952755905511" />
    <padshape layer="BOTTOM" shape="round" width="77.952755905511" height="77.952755905511" />
    <padshape layer="BOTTOM_SOLDER_MASK" shape="round" width="85.826771653542" height="85.826771653542" />
  </padstyle>
  <footprint name="SF12011F020220RM050" originx="0" originy="0" pickpointx="0" pickpointy="0">
    <pcbpin number="1" name="1" style="s222_h148" originx="0" originy="0" rotation="90" />
    <pcbpin number="2" name="2" style="c198_h132" originx="157.48031496063" originy="0" rotation="90" />
    <pcbpin number="3" name="3" style="c222_h148" originx="314.96062992126" originy="0" rotation="90" />
    <pcbpin number="4" name="4" style="c222_h148" originx="0" originy="196.85039370078" rotation="90" />
    <pcbpin number="5" name="5" style="c198_h132" originx="157.48031496063" originy="196.85039370078" rotation="90" />
    <pcbpin number="6" name="6" style="c222_h148" originx="314.96062992126" originy="196.85039370078" rotation="90" />
    <line layer="TOP_ASSEMBLY" originx="-106.29921259842" originy="-137.79527559055" endx="421.25984251968" endy="-137.79527559055" width="3.9370078740157" />
    <line layer="TOP_ASSEMBLY" originx="421.25984251968" originy="-137.79527559055" endx="421.25984251968" endy="334.64566929133" width="3.9370078740157" />
    <line layer="TOP_ASSEMBLY" originx="421.25984251968" originy="334.64566929133" endx="-106.29921259842" endy="334.64566929133" width="3.9370078740157" />
    <line layer="TOP_ASSEMBLY" originx="-106.29921259842" originy="334.64566929133" endx="-106.29921259842" endy="-137.79527559055" width="3.9370078740157" />
    <line layer="TOP_SILKSCREEN" originx="-106.29921259842" originy="-137.79527559055" endx="421.25984251968" endy="-137.79527559055" width="7.8740157480314" />
    <line layer="TOP_SILKSCREEN" originx="421.25984251968" originy="-137.79527559055" endx="421.25984251968" endy="334.64566929133" width="7.8740157480314" />
    <line layer="TOP_SILKSCREEN" originx="421.25984251968" originy="334.64566929133" endx="-106.29921259842" endy="334.64566929133" width="7.8740157480314" />
    <line layer="TOP_SILKSCREEN" originx="-106.29921259842" originy="334.64566929133" endx="-106.29921259842" endy="-137.79527559055" width="7.8740157480314" />
    <line layer="TOP_PLACE_BOUND" originx="-145.66929133858" originy="-177.16535433071" endx="460.62992125984" endy="-177.16535433071" width="3.9370078740157" />
    <line layer="TOP_PLACE_BOUND" originx="460.62992125984" originy="-177.16535433071" endx="460.62992125984" endy="374.01574803149" width="3.9370078740157" />
    <line layer="TOP_PLACE_BOUND" originx="460.62992125984" originy="374.01574803149" endx="-145.66929133858" endy="374.01574803149" width="3.9370078740157" />
    <line layer="TOP_PLACE_BOUND" originx="-145.66929133858" originy="374.01574803149" endx="-145.66929133858" endy="-177.16535433071" width="3.9370078740157" />
    <line layer="TOP_SILKSCREEN" originx="0" originy="-157.48031496063" endx="0" endy="-157.48031496063" width="3.9370078740157" />
    <arc layer="TOP_SILKSCREEN" originx="-7.102804783527E-15" originy="-159.44881889764" startangle="90.0" sweepangle="180.0" radius="1.9685039370078" width="3.9370078740157" />
    <line layer="TOP_SILKSCREEN" originx="0" originy="-161.41732283464" endx="0" endy="-161.41732283464" width="3.9370078740157" />
    <arc layer="TOP_SILKSCREEN" originx="-7.102804783527E-15" originy="-159.44881889764" startangle="-90.0" sweepangle="180.0" radius="1.9685039370078" width="3.9370078740157" />
  </footprint>
  <symbol name="SF12011F-0202-20R-M-050" originx="0" originy="0">
    <line originx="200" originy="100" endx="1000" endy="100" width="0" />
    <line originx="1000" originy="-300" endx="1000" endy="100" width="0" />
    <line originx="1000" originy="-300" endx="200" endy="-300" width="0" />
    <line originx="200" originy="100" endx="200" endy="-300" width="0" />
    <sympin number="1" originx="200" originy="0" rotation="180" length="100" width="7.8740157480315" flipped="False">
      <text name="pinname" originx="230" originy="0" style="Default" rotation="0" justify="left" flipped="False" hidden="False" data="NO_1" />
      <text name="pindes" originx="140" originy="20" style="Default" rotation="0" justify="lowerright" flipped="False" hidden="False" data="1" />
    </sympin>
    <sympin number="2" originx="200" originy="-100" rotation="180" length="100" width="7.8740157480315" flipped="False">
      <text name="pinname" originx="230" originy="-100" style="Default" rotation="0" justify="left" flipped="False" hidden="False" data="COM_1" />
      <text name="pindes" originx="140" originy="-80" style="Default" rotation="0" justify="lowerright" flipped="False" hidden="False" data="2" />
    </sympin>
    <sympin number="3" originx="200" originy="-200" rotation="180" length="100" width="7.8740157480315" flipped="False">
      <text name="pinname" originx="230" originy="-200" style="Default" rotation="0" justify="left" flipped="False" hidden="False" data="NC_1" />
      <text name="pindes" originx="140" originy="-180" style="Default" rotation="0" justify="lowerright" flipped="False" hidden="False" data="3" />
    </sympin>
    <sympin number="4" originx="1000" originy="0" rotation="0" length="100" width="7.8740157480315" flipped="False">
      <text name="pinname" originx="970" originy="0" style="Default" rotation="0" justify="right" flipped="False" hidden="False" data="NO_2" />
      <text name="pindes" originx="1060" originy="20" style="Default" rotation="0" justify="lowerleft" flipped="False" hidden="False" data="4" />
    </sympin>
    <sympin number="5" originx="1000" originy="-100" rotation="0" length="100" width="7.8740157480315" flipped="False">
      <text name="pinname" originx="970" originy="-100" style="Default" rotation="0" justify="right" flipped="False" hidden="False" data="COM_2" />
      <text name="pindes" originx="1060" originy="-80" style="Default" rotation="0" justify="lowerleft" flipped="False" hidden="False" data="5" />
    </sympin>
    <sympin number="6" originx="1000" originy="-200" rotation="0" length="100" width="7.8740157480315" flipped="False">
      <text name="pinname" originx="970" originy="-200" style="Default" rotation="0" justify="right" flipped="False" hidden="False" data="NC_2" />
      <text name="pindes" originx="1060" originy="-180" style="Default" rotation="0" justify="lowerleft" flipped="False" hidden="False" data="6" />
    </sympin>
  </symbol>
  <component name="SF12011F-0202-20R-M-050" designatorprefix="S" height="1318.8976377953" footprint="SF12011F020220RM050">
    <comppin designator="1" sympin="1" pinswap="0" gateswap="0" gate="1" group="1" side="" type="Any" name="NO_1" />
    <comppin designator="2" sympin="2" pinswap="0" gateswap="0" gate="1" group="1" side="" type="Any" name="COM_1" />
    <comppin designator="3" sympin="3" pinswap="0" gateswap="0" gate="1" group="1" side="" type="Any" name="NC_1" />
    <comppin designator="4" sympin="4" pinswap="0" gateswap="0" gate="1" group="1" side="" type="Any" name="NO_2" />
    <comppin designator="5" sympin="5" pinswap="0" gateswap="0" gate="1" group="1" side="" type="Any" name="COM_2" />
    <comppin designator="6" sympin="6" pinswap="0" gateswap="0" gate="1" group="1" side="" type="Any" name="NC_2" />
    <attached_symbol gate="1" name="SF12011F-0202-20R-M-050" />
    <pinmap designator="1" footprintpin="1" />
    <pinmap designator="2" footprintpin="2" />
    <pinmap designator="3" footprintpin="3" />
    <pinmap designator="4" footprintpin="4" />
    <pinmap designator="5" footprintpin="5" />
    <pinmap designator="6" footprintpin="6" />
    <text name="Datasheet" originx="0" originy="0" style="Default" rotation="0" justify="" flipped="False" hidden="True" data="https://componentsearchengine.com//SF12011F-0202-20R-M-050.pdf" />
    <text name="Description" originx="0" originy="0" style="Default" rotation="0" justify="" flipped="False" hidden="True" data="Pushbutton Switches DPDT STOMP/FOOT SW MOM 4A30VDC 9PIN" />
    <text name="Mouser Part Number" originx="0" originy="0" style="Default" rotation="0" justify="" flipped="False" hidden="True" data="107-SF12011F-M" />
    <text name="Mouser Price/Stock" originx="0" originy="0" style="Default" rotation="0" justify="" flipped="False" hidden="True" data="https://www.mouser.com/Search/Refine.aspx?Keyword=107-SF12011F-M" />
    <text name="Manufacturer_Name" originx="0" originy="0" style="Default" rotation="0" justify="" flipped="False" hidden="True" data="Alpha (Taiwan)" />
    <text name="Manufacturer_Part_Number" originx="1050" originy="200" style="Default" rotation="0" justify="left" flipped="False" hidden="False" data="SF12011F-0202-20R-M-050" />
  </component>
</quadcept_library>
